Workbook

Sheet Row data
A1: LK내부 환율
A2: 화폐 | B2: 기준 환율 | C2: 추가 환율 | D2: 적용 환율
A3: USD-KIP | B3: 23000 | C3: 1000 | D3: =B3+C3 -> 24000
A4: USD-THB | B4: 33 | C4: 1 | D4: =B4+C4 -> 34
A5: USD-WON | B5: 1515 | C5: 30 | D5: =B5+C5 -> 1545
A7: Kg 구간 | B7: 최소값 | C7: 적용 운임
A8: ~1kg | B8: 0 | C8: =Sheet1!F3 -> 22.5
A9: ~2kg | B9: 2 | C9: =Sheet1!F4 -> 14.3
A10: ~3kg | B10: 3 | C10: =Sheet1!F5 -> 11.5
A11: 4~5kg | B11: 4 | C11: =Sheet1!F6 -> 10.2
A12: 6~9kg | B12: 6 | C12: =Sheet1!F8 -> 8.8
A13: 10~14kg | B13: 10 | C13: =Sheet1!F12 -> 7.7
A14: 15~19kg | B14: 15 | C14: =Sheet1!F17 -> 7.1
A15: 20kg~ 이상 | B15: 20 | C15: =Sheet1!F22 -> 6.9
A19: 한국 세금 계산서 발급시 계좌번호
A20: 경남은행 2070133424601 박성호(엘케이무역)
A22: 일반 입금
A23: 경남은행 571-22-0330221 박성호
A26: 라오스-태국 내륙 xx항차
A27: Total | B27: =SUM('이름(CBLxx-xx)'!R1) -> 1
A28: Amount | B28: =SUM('이름(CBLxx-xx)'!R2) -> 0
A30: 총 할인 금액 | B30: =#REF!+#REF!+#REF!+#REF! -> #REF!
A33: 현지 발생 비용
A34: 날짜 | B34: 내 용 | C34: 킵
A35: 2024.10.10
A36: 2024.10.11
C39: =SUM(C35:C38) -> 0
A42: 총 합산 액 | B42: =B28-D42 -> 0 | D42: =C39/B4 -> 0

Sheet 수취인 불명 내역
A1: 영수 번호 | B1: 송장 번호 | C1: Remark
A2: LK81 | B2: 5593-8870-9956 | C2: 김인규??
A3: LK82 | B3: 10-2664-5564-6053, 382-7242-2753
A4: LK83 | B4: 5903-7235-0543, 5903-7199-0220
A5: LK84 | B5: 66597-0117-4099 | C5: 이우용??
A6: LK85 | B6: 6856-8748-0750
A7: LK86 | B7: 66017-0128-0372
A8: LK87 | B8: 65689-0106-6533
A9: LK88 | B9: 5796-5801-8672 | C9: 송인호 고객물류로 추정됨 / 박주유 님이 한국에서 보내신 물건으로 추정
A10: LK89 | B10: 5909-8013-8342 | C10: 폼마린??
A11: LK90 | B11: 65129-0112-6372
A12: LK91 | B12: 64134-0322-0901, 64134-0322-0902 | C12: 박주유
A13: LK92 | B13: 6105072440050, 4107032440085, 3132212443441
A14: LK93 | B14: 10-2672-2107-9721, 10-2672-2107-9964, 10-2672-2107-5613, 10-2672-2107-8553, 10-2672-2107-5731 | C14: 박환영??
B15: 2601-402-015153
A16: LK94 | B16: 2484-9497-0570
A17: LK95 | B17: 3647-7561-7276

Sheet 이름(CBLxx-xx)
C1: Cambodia-Lao Trucking 거래 명세서 | L1: 번호(No.) | M1: LKCBL 2026xx-xx | R1: =D11 -> 1 | T1: 화폐 | U1: 기준 환율 | V1: 추가 환율 | W1: 적용 환율
A2: 회사명 | B2: 엘케이(LK)무역 | D2: 도착일 | E2: 2026-XX-XX | I2: 고객명/회사명 // 영수 번호 | L2: 고객이름 | R2: =N16 -> 0 | T2: USD-KIP | U2: ='Row data'!B3 -> 23000 | V2: 1000 | W2: =U2+V2 -> 24000
A3: 회사 주소 | B3: 비엔티엔시, 씨싿따낙구, 싸판텅 느아 09, 11번 골목, 엘케이(LK) 빌딩, 1층 LK Trading | T3: USD-THB | U3: ='Row data'!B4 -> 33 | V3: 1 | W3: =U3+V3 -> 34
A4: 전화번호 | B4: 020-9112-6780 | I4: 고객 연락처/회사 연락처 | L4: 전화번호 | T4: USD-WON | U4: ='Row data'!B5 -> 1515 | V4: 30 | W4: =U4+V4 -> 1545
A5: No. | B5: 종류 | C5: 단가 | D5: 수량 | E5: 실제중량(Kg) | F5: 실제중량 합산(kg) | G5: 규격 (cm) | J5: 용적 중량(kg) | K5: 용적중량 합산(Kg) | L5: 실제중량 운임 | M5: 용적중량 운임 | N5: 청구중량 운임
A6: 1 | B6: CBL10-01 | C6: =VLOOKUP(MAX(E6,J6),'Row data'!$B$8:$C$19,2,TRUE) -> 22.5 | D6: 1 | F6: =E6*D6 -> 0 | J6: =(G6*H6*I6)*0.00022 -> 0 | K6: =J6*D6 -> 0 | L6: =(IF(0=F6*C6,0,IF('Row data'!$C$8>=C6*F6,'Row data'!$C$8,C6*F6))) -> 0 | M6: =(IF(0=K6*C6,0,IF('Row data'!$C$8>=K6*C6,'Row data'!$C$8,K6*C6))) -> 0 | N6: =MAX(L6:M6) -> 0
A7: 2 | R7: =1800000 -> 1800000
A8: 3 | R8: =R7/26000 -> 69.230769
A9: 4
A10: 5
A11: 합 계 | D11: =SUM(D6:D10) -> 1 | F11: =SUM(F6:F10) -> 0 | K11: =SUM(K6:K10) -> 0
A12: Remark/비 고 | F12: Inland delivery/시내.지방 배송 | L12: 운임 총합 | N12: =SUM(N6:N11) -> 0
A13: - valid end of Aug/2026, after confirm price but incase departrue delayed by customer request or needs, rate should be change. - 기한: 2026년 08월 말, 고객의 요청에 의하여 견적후 배송/출발 지연이 발생할 경우 운임 변동이 있을수 있으니 참고 부탁 드립니다. | L13: 할인 | M13: =IFERROR(MID($A$13,FIND(" "&$L$13&" ",$A$13)+4,3)," ") | N13: =IFERROR(N12*M13,0) -> 0
L14: 특별할인 | M14: =IFERROR(MID($A$13,FIND(" "&$L$14&" ",$A$13)+6,3)," ") | N14: =IFERROR(N12*M14,0) -> 0
L15: 세금 계산서(VAT) | M15: =IFERROR(IF(FIND("세금 계산서",$A$13),10%," ")," ") | N15: =IFERROR((N12-N13-N14)*M15,0) -> 0
L16: 최종 청구 금액 | M16: USD | N16: =(N12-N13-N14+N15) -> 0
M17: KIP | N17: =ROUNDUP((N16*$W$2),-3) -> 0
M18: THB | N18: =ROUNDUP((N16*$W$3),-1) -> 0
M19: WON | N19: =ROUNDUP((N16*$W$4),-2) -> 0
A21: * 모든 비용은 회사의 내규 및 각 물품의 중량/크기 실측을 기준으로 청구되며 최소 운임은 $22.5/kg 이며, 청구중량에 따라 차등 운임이 적용 됩니다.
A22: * 이용해 주셔서 감사합니다.
A24: 엘케이 (LK)무역 | K24: 고객사 서명

Sheet Sheet1
A1: TSC | D1: 1.5 | H1: RNP | J1: =S7 -> 32 | L1: 1.5 | P1: 화폐 | Q1: 기준 환율 | R1: 추가 환율 | S1: 적용 환율
A2: KG | B2: Rate(USD) | C2: per kg(USD) | D2: Margin | F2: Standard | H2: KG | I2: Rate(THB) | J2: Rate(USD) | K2: per kg(USD) | L2: Margin | N2: Standard | P2: USD-KIP | Q2: ='Row data'!B3 -> 23000 | R2: 1000 | S2: =Q2+R2 -> 24000
A3: 1 | B3: 15 | C3: =B3/A3 -> 15 | D3: =C3*$D$1 -> 22.5 | E3: =D3 -> 22.5 | F3: =ROUNDUP(E3,1) -> 22.5 | H3: 1 | J3: =I3/$J$1 -> 0 | K3: =J3/H3 -> 0 | L3: =K3*$L$1 -> 0 | M3: =L3 -> 0 | N3: =ROUNDUP(M3,1) -> 0 | P3: USD-THB | Q3: ='Row data'!B4 -> 33 | R3: 1 | S3: =Q3+R3 -> 34
A4: 2 | B4: 19 | C4: =B4/A4 -> 9.5 | D4: =C4*$D$1 -> 14.25 | E4: =D4 -> 14.25 | F4: =ROUNDUP(E4,1) -> 14.3 | H4: 2 | J4: =I4/$J$1 -> 0 | K4: =J4/H4 -> 0 | L4: =K4*$L$1 -> 0 | M4: =L4 -> 0 | N4: =ROUNDUP(M4,1) -> 0 | P4: USD-WON | Q4: ='Row data'!B5 -> 1515 | R4: 30 | S4: =Q4+R4 -> 1545
A5: 3 | B5: 23 | C5: =B5/A5 -> 7.6666667 | D5: =C5*$D$1 -> 11.5 | E5: =D5 -> 11.5 | F5: =ROUNDUP(E5,1) -> 11.5 | H5: 3 | J5: =I5/$J$1 -> 0 | K5: =J5/H5 -> 0 | L5: =K5*$L$1 -> 0 | M5: =L5 -> 0 | N5: =ROUNDUP(M5,1) -> 0
A6: 4 | B6: 27 | C6: =B6/A6 -> 6.75 | D6: =C6*$D$1 -> 10.125 | E6: =D6 -> 10.125 | F6: =ROUNDUP(E6,1) -> 10.2 | H6: 4 | J6: =I6/$J$1 -> 0 | K6: =J6/H6 -> 0 | L6: =K6*$L$1 -> 0 | M6: =L6 -> 0 | N6: =ROUNDUP(M6,1) -> 0 | P6: KIP-USD | Q6: ='Row data'!B3 -> 23000 | R6: 1000 | S6: =Q6-R6 -> 22000
A7: 5 | B7: 31 | C7: =B7/A7 -> 6.2 | D7: =C7*$D$1 -> 9.3 | E7: =D7 -> 9.3 | F7: =ROUNDUP(E7,1) -> 9.3 | H7: 5 | J7: =I7/$J$1 -> 0 | K7: =J7/H7 -> 0 | L7: =K7*$L$1 -> 0 | M7: =L7 -> 0 | N7: =ROUNDUP(M7,1) -> 0 | P7: THB-USD | Q7: ='Row data'!B4 -> 33 | R7: 1 | S7: =Q7-R7 -> 32
A8: 6 | B8: 35 | C8: =B8/A8 -> 5.8333333 | D8: =C8*$D$1 -> 8.75 | E8: =D8 -> 8.75 | F8: =ROUNDUP(E8,1) -> 8.8 | H8: 6 | J8: =I8/$J$1 -> 0 | K8: =J8/H8 -> 0 | L8: =K8*$L$1 -> 0 | M8: =L8 -> 0 | N8: =ROUNDUP(M8,1) -> 0 | P8: WON-USD | Q8: ='Row data'!B5 -> 1515 | R8: 30 | S8: =Q8-R8 -> 1485
A9: 7 | B9: 39 | C9: =B9/A9 -> 5.5714286 | D9: =C9*$D$1 -> 8.3571429 | E9: =D9 -> 8.3571429 | F9: =ROUNDUP(E9,1) -> 8.4 | H9: 7 | J9: =I9/$J$1 -> 0 | K9: =J9/H9 -> 0 | L9: =K9*$L$1 -> 0 | M9: =L9 -> 0 | N9: =ROUNDUP(M9,1) -> 0
A10: 8 | B10: 43 | C10: =B10/A10 -> 5.375 | D10: =C10*$D$1 -> 8.0625 | E10: =D10 -> 8.0625 | F10: =ROUNDUP(E10,1) -> 8.1 | H10: 8 | J10: =I10/$J$1 -> 0 | K10: =J10/H10 -> 0 | L10: =K10*$L$1 -> 0 | M10: =L10 -> 0 | N10: =ROUNDUP(M10,1) -> 0
A11: 9 | B11: 47 | C11: =B11/A11 -> 5.2222222 | D11: =C11*$D$1 -> 7.8333333 | E11: =D11 -> 7.8333333 | F11: =ROUNDUP(E11,1) -> 7.9 | H11: 9 | J11: =I11/$J$1 -> 0 | K11: =J11/H11 -> 0 | L11: =K11*$L$1 -> 0 | M11: =L11 -> 0 | N11: =ROUNDUP(M11,1) -> 0
A12: 10 | B12: 51 | C12: =B12/A12 -> 5.1 | D12: =C12*$D$1 -> 7.65 | E12: =D12 -> 7.65 | F12: =ROUNDUP(E12,1) -> 7.7 | H12: 10 | J12: =I12/$J$1 -> 0 | K12: =J12/H12 -> 0 | L12: =K12*$L$1 -> 0 | M12: =L12 -> 0 | N12: =ROUNDUP(M12,1) -> 0
A13: 11 | B13: 55 | C13: =B13/A13 -> 5 | D13: =C13*$D$1 -> 7.5 | E13: =D13 -> 7.5 | F13: =ROUNDUP(E13,1) -> 7.5 | H13: 11 | J13: =I13/$J$1 -> 0 | K13: =J13/H13 -> 0 | L13: =K13*$L$1 -> 0 | M13: =L13 -> 0 | N13: =ROUNDUP(M13,1) -> 0
A14: 12 | B14: 59 | C14: =B14/A14 -> 4.9166667 | D14: =C14*$D$1 -> 7.375 | E14: =D14 -> 7.375 | F14: =ROUNDUP(E14,1) -> 7.4 | H14: 12 | J14: =I14/$J$1 -> 0 | K14: =J14/H14 -> 0 | L14: =K14*$L$1 -> 0 | M14: =L14 -> 0 | N14: =ROUNDUP(M14,1) -> 0
A15: 13 | B15: 63 | C15: =B15/A15 -> 4.8461538 | D15: =C15*$D$1 -> 7.2692308 | E15: =D15 -> 7.2692308 | F15: =ROUNDUP(E15,1) -> 7.3 | H15: 13 | J15: =I15/$J$1 -> 0 | K15: =J15/H15 -> 0 | L15: =K15*$L$1 -> 0 | M15: =L15 -> 0 | N15: =ROUNDUP(M15,1) -> 0
A16: 14 | B16: 67 | C16: =B16/A16 -> 4.7857143 | D16: =C16*$D$1 -> 7.1785714 | E16: =D16 -> 7.1785714 | F16: =ROUNDUP(E16,1) -> 7.2 | H16: 14 | J16: =I16/$J$1 -> 0 | K16: =J16/H16 -> 0 | L16: =K16*$L$1 -> 0 | M16: =L16 -> 0 | N16: =ROUNDUP(M16,1) -> 0
A17: 15 | B17: 71 | C17: =B17/A17 -> 4.7333333 | D17: =C17*$D$1 -> 7.1 | E17: =D17 -> 7.1 | F17: =ROUNDUP(E17,1) -> 7.1 | H17: 15 | J17: =I17/$J$1 -> 0 | K17: =J17/H17 -> 0 | L17: =K17*$L$1 -> 0 | M17: =L17 -> 0 | N17: =ROUNDUP(M17,1) -> 0
A18: 16 | B18: 75 | C18: =B18/A18 -> 4.6875 | D18: =C18*$D$1 -> 7.03125 | E18: =D18 -> 7.03125 | F18: =ROUNDUP(E18,1) -> 7.1 | H18: 16 | J18: =I18/$J$1 -> 0 | K18: =J18/H18 -> 0 | L18: =K18*$L$1 -> 0 | M18: =L18 -> 0 | N18: =ROUNDUP(M18,1) -> 0
A19: 17 | B19: 79 | C19: =B19/A19 -> 4.6470588 | D19: =C19*$D$1 -> 6.9705882 | E19: =D19 -> 6.9705882 | F19: =ROUNDUP(E19,1) -> 7 | H19: 17 | J19: =I19/$J$1 -> 0 | K19: =J19/H19 -> 0 | L19: =K19*$L$1 -> 0 | M19: =L19 -> 0 | N19: =ROUNDUP(M19,1) -> 0
A20: 18 | B20: 83 | C20: =B20/A20 -> 4.6111111 | D20: =C20*$D$1 -> 6.9166667 | E20: =D20 -> 6.9166667 | F20: =ROUNDUP(E20,1) -> 7 | H20: 18 | J20: =I20/$J$1 -> 0 | K20: =J20/H20 -> 0 | L20: =K20*$L$1 -> 0 | M20: =L20 -> 0 | N20: =ROUNDUP(M20,1) -> 0
... A22: 20 | B22: 91 | C22: =B22/A22 -> 4.55 | D22: =C22*$D$1 -> 6.825 | E22: =D22 -> 6.825 | F22: =ROUNDUP(E22,1) -> 6.9 | H22: 20 | J22: =I22/$J$1 -> 0 | K22: =J22/H22 -> 0 | L22: =K22*$L$1 -> 0 | M22: =L22 -> 0 | N22: =ROUNDUP(M22,1) -> 0
A24: 50 | B24: =#REF!/$B$1 -> #REF! | C24: =B24/A24 -> #REF! | D24: =C24*$D$1 -> #REF! | E24: =D24 -> #REF! | F24: =ROUNDUP(E24,1) -> #REF!

Sheet Sheet2
A1: Kg 구간 | B1: 적용 운임
A2: 0~1kg | B2: 12.4
A3: 2~5kg | B3: 5.3
A4: 6~9kg | B4: 3.6
A5: 10~14kg | B5: 3.6
A6: 15~17kg | B6: 3.3
A7: 18~20kg | B7: 3.4
A8: 21~24kg | B8: 3.5
A9: 25~29kg | B9: 3.7
A10: 30~34kg | B10: 3.8
A11: 35~39kg | B11: 3.9
A12: 40~44kg | B12: 4
A13: 45kg 이상 | B13: 4
