Workbook

Sheet Row data
A1: LK내부 환율
A2: 화폐 | B2: 기준 환율 | C2: 추가 환율 | D2: 적용 환율
A3: USD-KIP | B3: 23000 | C3: 1000 | D3: =B3+C3 -> 24000
A4: USD-THB | B4: 33 | C4: 1 | D4: =B4+C4 -> 34
A5: USD-WON | B5: 1550 | C5: 30 | D5: =B5+C5 -> 1580
A7: Kg 구간 | B7: 최소값 | C7: 적용 운임
A8: ~1kg | B8: 0 | C8: =Sheet1!G3 -> 13.6
A9: ~2kg | B9: 2 | C9: =Sheet1!G4 -> 8.7
A10: ~3kg | B10: 3 | C10: =Sheet1!G5 -> 7.1
A11: 4~5kg | B11: 4 | C11: =Sheet1!G6 -> 6.3
A12: 6~9kg | B12: 6 | C12: =Sheet1!G8 -> 5.4
A13: 10~14kg | B13: 10 | C13: =Sheet1!G12 -> 4.8
A14: 15~19kg | B14: 15 | C14: =Sheet1!G17 -> 4.5
A15: 20kg~ 이상 | B15: 20 | C15: =Sheet1!G22 -> 4.3
A19: 한국 세금 계산서 발급시 계좌번호
A20: 경남은행 2070133424601 박성호(엘케이무역)
A22: 일반 입금
A23: 경남은행 571-22-0330221 박성호
A26: 라오스-태국 내륙 xx항차
A27: Total | B27: =SUM('이름(VLxx-xx)'!R1) -> 1
A28: Amount | B28: =SUM('이름(VLxx-xx)'!R2) -> 0
A30: 총 할인 금액 | B30: =#REF!+#REF!+#REF!+#REF! -> #REF!
A33: 현지 발생 비용
A34: 날짜 | B34: 내 용 | C34: 킵
A35: 2024.10.10
A36: 2024.10.11
C39: =SUM(C35:C38) -> 0
A42: 총 합산 액 | B42: =B28-D42 -> 0 | D42: =C39/B4 -> 0

Sheet 수취인 불명 내역
A1: 영수 번호 | B1: 송장 번호 | C1: Remark
A2: LK81 | B2: 5593-8870-9956 | C2: 김인규??
A3: LK82 | B3: 10-2664-5564-6053, 382-7242-2753
A4: LK83 | B4: 5903-7235-0543, 5903-7199-0220
A5: LK84 | B5: 66597-0117-4099 | C5: 이우용??
A6: LK85 | B6: 6856-8748-0750
A7: LK86 | B7: 66017-0128-0372
A8: LK87 | B8: 65689-0106-6533
A9: LK88 | B9: 5796-5801-8672 | C9: 송인호 고객물류로 추정됨 / 박주유 님이 한국에서 보내신 물건으로 추정
A10: LK89 | B10: 5909-8013-8342 | C10: 폼마린??
A11: LK90 | B11: 65129-0112-6372
A12: LK91 | B12: 64134-0322-0901, 64134-0322-0902 | C12: 박주유
A13: LK92 | B13: 6105072440050, 4107032440085, 3132212443441
A14: LK93 | B14: 10-2672-2107-9721, 10-2672-2107-9964, 10-2672-2107-5613, 10-2672-2107-8553, 10-2672-2107-5731 | C14: 박환영??
B15: 2601-402-015153
A16: LK94 | B16: 2484-9497-0570
A17: LK95 | B17: 3647-7561-7276

Sheet 이름(VLxx-xx)
C1: Vietnam-Lao Trucking 거래 명세서 | L1: 번호(No.) | M1: LKVL2026xx-xx | R1: =D11 -> 1 | T1: 화폐 | U1: 기준 환율 | V1: 추가 환율 | W1: 적용 환율
A2: 회사명 | B2: 엘케이(LK)무역 | D2: 도착일 | E2: 2026-XX-XX | I2: 고객명/회사명 // 영수 번호 | L2: 고객이름 | R2: =N16 -> 0 | T2: USD-KIP | U2: ='Row data'!B3 -> 23000 | V2: 1000 | W2: =U2+V2 -> 24000
A3: 회사 주소 | B3: 비엔티엔시, 씨싿따낙구, 싸판텅 느아 09, 11번 골목, 엘케이(LK) 빌딩, 1층 LK Trading | T3: USD-THB | U3: ='Row data'!B4 -> 33 | V3: 1 | W3: =U3+V3 -> 34
A4: 전화번호 | B4: 020-9112-6780 | I4: 고객 연락처/회사 연락처 | L4: 전화번호 | T4: USD-WON | U4: ='Row data'!B5 -> 1550 | V4: 30 | W4: =U4+V4 -> 1580
A5: No. | B5: 종류 | C5: 단가 | D5: 수량 | E5: 실제중량(Kg) | F5: 실제중량 합산(kg) | G5: 규격 (cm) | J5: 용적 중량(kg) | K5: 용적중량 합산(Kg) | L5: 실제중량 운임 | M5: 용적중량 운임 | N5: 청구중량 운임
A6: 1 | B6: VL01-01 | C6: =VLOOKUP(MAX(E6,J6),'Row data'!$B$8:$C$19,2,TRUE) -> 13.6 | D6: 1 | F6: =E6*D6 -> 0 | J6: =(G6*H6*I6)*0.00022 -> 0 | K6: =J6*D6 -> 0 | L6: =(IF(0=F6*C6,0,IF('Row data'!$C$8>=C6*F6,'Row data'!$C$8,C6*F6))) -> 0 | M6: =(IF(0=K6*C6,0,IF('Row data'!$C$8>=K6*C6,'Row data'!$C$8,K6*C6))) -> 0 | N6: =MAX(L6:M6) -> 0
A7: 2 | R7: =1800000 -> 1800000
A8: 3 | R8: =R7/26000 -> 69.230769
A9: 4
A10: 5
A11: 합 계 | D11: =SUM(D6:D10) -> 1 | F11: =SUM(F6:F10) -> 0 | K11: =SUM(K6:K10) -> 0
A12: Remark/비 고 | F12: Inland delivery/시내.지방 배송 | L12: 운임 총합 | N12: =SUM(N6:N11) -> 0
A13: - valid end of Aug/2026, after confirm price but incase departrue delayed by customer request or needs, rate should be change. - 기한: 2026년 08월 말, 고객의 요청에 의하여 견적후 배송/출발 지연이 발생할 경우 운임 변동이 있을수 있으니 참고 부탁 드립니다. | L13: 할인 | M13: =IFERROR(MID($A$13,FIND(" "&$L$13&" ",$A$13)+4,3)," ") | N13: =IFERROR(N12*M13,0) -> 0
L14: 특별할인 | M14: =IFERROR(MID($A$13,FIND(" "&$L$14&" ",$A$13)+6,3)," ") | N14: =IFERROR(N12*M14,0) -> 0
L15: 세금 계산서(VAT) | M15: =IFERROR(IF(FIND("세금 계산서",$A$13),10%," ")," ") | N15: =IFERROR((N12-N13-N14)*M15,0) -> 0
L16: 최종 청구 금액 | M16: USD | N16: =(N12-N13-N14+N15) -> 0
M17: KIP | N17: =ROUNDUP((N16*$W$2),-3) -> 0
M18: THB | N18: =ROUNDUP((N16*$W$3),-1) -> 0
M19: WON | N19: =ROUNDUP((N16*$W$4),-2) -> 0
A21: * 모든 비용은 회사의 내규 및 각 물품의 중량/크기 실측을 기준으로 청구되며 최소 운임은 $13.6/kg 이며, 청구중량에 따라 차등 운임이 적용 됩니다.
A22: * 이용해 주셔서 감사합니다.
A24: 엘케이 (LK)무역 | K24: 고객사 서명

Sheet Sheet1
A1: TSC | C1: =T6 -> 22000 | E1: 1.5 | I1: RNP | K1: =T7 -> 32 | M1: 1.5 | Q1: 화폐 | R1: 기준 환율 | S1: 추가 환율 | T1: 적용 환율
A2: KG | B2: Rate(Kip) | C2: Rate(USD) | D2: per kg(USD) | E2: Margin | G2: Standard | I2: KG | J2: Rate(THB) | K2: Rate(USD) | L2: per kg(USD) | M2: Margin | O2: Standard | Q2: USD-KIP | R2: ='Row data'!B3 -> 23000 | S2: 1000 | T2: =R2+S2 -> 24000
A3: 1 | B3: 199000 | C3: =B3/$C$1 -> 9.0454545 | D3: =C3/A3 -> 9.0454545 | E3: =D3*$E$1 -> 13.568182 | F3: =E3 -> 13.568182 | G3: =ROUNDUP(F3,1) -> 13.6 | I3: 1 | J3: 1374 | K3: =J3/$K$1 -> 42.9375 | L3: =K3/I3 -> 42.9375 | M3: =L3*$M$1 -> 64.40625 | N3: =M3 -> 64.40625 | O3: =ROUNDUP(N3,1) -> 64.5 | Q3: USD-THB | R3: ='Row data'!B4 -> 33 | S3: 1 | T3: =R3+S3 -> 34
A4: 2 | B4: 254000 | C4: =B4/$C$1 -> 11.545455 | D4: =C4/A4 -> 5.7727273 | E4: =D4*$E$1 -> 8.6590909 | F4: =E4 -> 8.6590909 | G4: =ROUNDUP(F4,1) -> 8.7 | I4: 2 | J4: 1855 | K4: =J4/$K$1 -> 57.96875 | L4: =K4/I4 -> 28.984375 | M4: =L4*$M$1 -> 43.476562 | N4: =M4 -> 43.476562 | O4: =ROUNDUP(N4,1) -> 43.5 | Q4: USD-WON | R4: ='Row data'!B5 -> 1550 | S4: 30 | T4: =R4+S4 -> 1580
A5: 3 | B5: 309000 | C5: =B5/$C$1 -> 14.045455 | D5: =C5/A5 -> 4.6818182 | E5: =D5*$E$1 -> 7.0227273 | F5: =E5 -> 7.0227273 | G5: =ROUNDUP(F5,1) -> 7.1 | I5: 3 | J5: 2245 | K5: =J5/$K$1 -> 70.15625 | L5: =K5/I5 -> 23.385417 | M5: =L5*$M$1 -> 35.078125 | N5: =M5 -> 35.078125 | O5: =ROUNDUP(N5,1) -> 35.1
A6: 4 | B6: 364000 | C6: =B6/$C$1 -> 16.545455 | D6: =C6/A6 -> 4.1363636 | E6: =D6*$E$1 -> 6.2045455 | F6: =E6 -> 6.2045455 | G6: =ROUNDUP(F6,1) -> 6.3 | I6: 4 | J6: 2547 | K6: =J6/$K$1 -> 79.59375 | L6: =K6/I6 -> 19.898438 | M6: =L6*$M$1 -> 29.847656 | N6: =M6 -> 29.847656 | O6: =ROUNDUP(N6,1) -> 29.9 | Q6: KIP-USD | R6: ='Row data'!B3 -> 23000 | S6: 1000 | T6: =R6-S6 -> 22000
A7: 5 | B7: 419000 | C7: =B7/$C$1 -> 19.045455 | D7: =C7/A7 -> 3.8090909 | E7: =D7*$E$1 -> 5.7136364 | F7: =E7 -> 5.7136364 | G7: =ROUNDUP(F7,1) -> 5.8 | I7: 5 | J7: 2849 | K7: =J7/$K$1 -> 89.03125 | L7: =K7/I7 -> 17.80625 | M7: =L7*$M$1 -> 26.709375 | N7: =M7 -> 26.709375 | O7: =ROUNDUP(N7,1) -> 26.8 | Q7: THB-USD | R7: ='Row data'!B4 -> 33 | S7: 1 | T7: =R7-S7 -> 32
A8: 6 | B8: 474000 | C8: =B8/$C$1 -> 21.545455 | D8: =C8/A8 -> 3.5909091 | E8: =D8*$E$1 -> 5.3863636 | F8: =E8 -> 5.3863636 | G8: =ROUNDUP(F8,1) -> 5.4 | I8: 6 | J8: 3114 | K8: =J8/$K$1 -> 97.3125 | L8: =K8/I8 -> 16.21875 | M8: =L8*$M$1 -> 24.328125 | N8: =M8 -> 24.328125 | O8: =ROUNDUP(N8,1) -> 24.4 | Q8: WON-USD | R8: ='Row data'!B5 -> 1550 | S8: 30 | T8: =R8-S8 -> 1520
A9: 7 | B9: 529000 | C9: =B9/$C$1 -> 24.045455 | D9: =C9/A9 -> 3.4350649 | E9: =D9*$E$1 -> 5.1525974 | F9: =E9 -> 5.1525974 | G9: =ROUNDUP(F9,1) -> 5.2 | I9: 7 | J9: 3630 | K9: =J9/$K$1 -> 113.4375 | L9: =K9/I9 -> 16.205357 | M9: =L9*$M$1 -> 24.308036 | N9: =M9 -> 24.308036 | O9: =ROUNDUP(N9,1) -> 24.4
A10: 8 | B10: 584000 | C10: =B10/$C$1 -> 26.545455 | D10: =C10/A10 -> 3.3181818 | E10: =D10*$E$1 -> 4.9772727 | F10: =E10 -> 4.9772727 | G10: =ROUNDUP(F10,1) -> 5 | I10: 8 | J10: 3899 | K10: =J10/$K$1 -> 121.84375 | L10: =K10/I10 -> 15.230469 | M10: =L10*$M$1 -> 22.845703 | N10: =M10 -> 22.845703 | O10: =ROUNDUP(N10,1) -> 22.9
A11: 9 | B11: 639000 | C11: =B11/$C$1 -> 29.045455 | D11: =C11/A11 -> 3.2272727 | E11: =D11*$E$1 -> 4.8409091 | F11: =E11 -> 4.8409091 | G11: =ROUNDUP(F11,1) -> 4.9 | I11: 9 | J11: 4160 | K11: =J11/$K$1 -> 130 | L11: =K11/I11 -> 14.444444 | M11: =L11*$M$1 -> 21.666667 | N11: =M11 -> 21.666667 | O11: =ROUNDUP(N11,1) -> 21.7
A12: 10 | B12: 694000 | C12: =B12/$C$1 -> 31.545455 | D12: =C12/A12 -> 3.1545455 | E12: =D12*$E$1 -> 4.7318182 | F12: =E12 -> 4.7318182 | G12: =ROUNDUP(F12,1) -> 4.8 | I12: 10 | J12: 4416 | K12: =J12/$K$1 -> 138 | L12: =K12/I12 -> 13.8 | M12: =L12*$M$1 -> 20.7 | N12: =M12 -> 20.7 | O12: =ROUNDUP(N12,1) -> 20.7
A13: 11 | B13: 749000 | C13: =B13/$C$1 -> 34.045455 | D13: =C13/A13 -> 3.0950413 | E13: =D13*$E$1 -> 4.642562 | F13: =E13 -> 4.642562 | G13: =ROUNDUP(F13,1) -> 4.7 | I13: 11 | J13: 4622 | K13: =J13/$K$1 -> 144.4375 | L13: =K13/I13 -> 13.130682 | M13: =L13*$M$1 -> 19.696023 | N13: =M13 -> 19.696023 | O13: =ROUNDUP(N13,1) -> 19.7
A14: 12 | B14: 804000 | C14: =B14/$C$1 -> 36.545455 | D14: =C14/A14 -> 3.0454545 | E14: =D14*$E$1 -> 4.5681818 | F14: =E14 -> 4.5681818 | G14: =ROUNDUP(F14,1) -> 4.6 | I14: 12 | J14: 4829 | K14: =J14/$K$1 -> 150.90625 | L14: =K14/I14 -> 12.575521 | M14: =L14*$M$1 -> 18.863281 | N14: =M14 -> 18.863281 | O14: =ROUNDUP(N14,1) -> 18.9
A15: 13 | B15: 859000 | C15: =B15/$C$1 -> 39.045455 | D15: =C15/A15 -> 3.0034965 | E15: =D15*$E$1 -> 4.5052448 | F15: =E15 -> 4.5052448 | G15: =ROUNDUP(F15,1) -> 4.6 | I15: 13 | J15: 5026 | K15: =J15/$K$1 -> 157.0625 | L15: =K15/I15 -> 12.081731 | M15: =L15*$M$1 -> 18.122596 | N15: =M15 -> 18.122596 | O15: =ROUNDUP(N15,1) -> 18.2
A16: 14 | B16: 914000 | C16: =B16/$C$1 -> 41.545455 | D16: =C16/A16 -> 2.9675325 | E16: =D16*$E$1 -> 4.4512987 | F16: =E16 -> 4.4512987 | G16: =ROUNDUP(F16,1) -> 4.5 | I16: 14 | J16: 5216 | K16: =J16/$K$1 -> 163 | L16: =K16/I16 -> 11.642857 | M16: =L16*$M$1 -> 17.464286 | N16: =M16 -> 17.464286 | O16: =ROUNDUP(N16,1) -> 17.5
A17: 15 | B17: 969000 | C17: =B17/$C$1 -> 44.045455 | D17: =C17/A17 -> 2.9363636 | E17: =D17*$E$1 -> 4.4045455 | F17: =E17 -> 4.4045455 | G17: =ROUNDUP(F17,1) -> 4.5 | I17: 15 | J17: 5406 | K17: =J17/$K$1 -> 168.9375 | L17: =K17/I17 -> 11.2625 | M17: =L17*$M$1 -> 16.89375 | N17: =M17 -> 16.89375 | O17: =ROUNDUP(N17,1) -> 16.9
A18: 16 | B18: 1024000 | C18: =B18/$C$1 -> 46.545455 | D18: =C18/A18 -> 2.9090909 | E18: =D18*$E$1 -> 4.3636364 | F18: =E18 -> 4.3636364 | G18: =ROUNDUP(F18,1) -> 4.4 | I18: 16 | J18: 5525 | K18: =J18/$K$1 -> 172.65625 | L18: =K18/I18 -> 10.791016 | M18: =L18*$M$1 -> 16.186523 | N18: =M18 -> 16.186523 | O18: =ROUNDUP(N18,1) -> 16.2
A19: 17 | B19: 1079000 | C19: =B19/$C$1 -> 49.045455 | D19: =C19/A19 -> 2.8850267 | E19: =D19*$E$1 -> 4.3275401 | F19: =E19 -> 4.3275401 | G19: =ROUNDUP(F19,1) -> 4.4 | I19: 17 | J19: 5643 | K19: =J19/$K$1 -> 176.34375 | L19: =K19/I19 -> 10.373162 | M19: =L19*$M$1 -> 15.559743 | N19: =M19 -> 15.559743 | O19: =ROUNDUP(N19,1) -> 15.6
A20: 18 | B20: 1134000 | C20: =B20/$C$1 -> 51.545455 | D20: =C20/A20 -> 2.8636364 | E20: =D20*$E$1 -> 4.2954545 | F20: =E20 -> 4.2954545 | G20: =ROUNDUP(F20,1) -> 4.3 | I20: 18 | J20: 5753 | K20: =J20/$K$1 -> 179.78125 | L20: =K20/I20 -> 9.9878472 | M20: =L20*$M$1 -> 14.981771 | N20: =M20 -> 14.981771 | O20: =ROUNDUP(N20,1) -> 15
... A22: 20 | B22: 1244000 | C22: =B22/$C$1 -> 56.545455 | D22: =C22/A22 -> 2.8272727 | E22: =D22*$E$1 -> 4.2409091 | F22: =E22 -> 4.2409091 | G22: =ROUNDUP(F22,1) -> 4.3 | I22: 20 | J22: 5956 | K22: =J22/$K$1 -> 186.125 | L22: =K22/I22 -> 9.30625 | M22: =L22*$M$1 -> 13.959375 | N22: =M22 -> 13.959375 | O22: =ROUNDUP(N22,1) -> 14
A24: 100 | B24: 5500000 | C24: =B24/$C$1 -> 250 | D24: =C24/A24 -> 2.5 | E24: =D24*$E$1 -> 3.75 | F24: =E24 -> 3.75 | G24: =ROUNDUP(F24,1) -> 3.8

Sheet Sheet2
A1: Kg 구간 | B1: 적용 운임
A2: 0~1kg | B2: ='Row data'!C8 -> 13.6
A3: 2~5kg | B3: ='Row data'!C9 -> 8.7
A4: 6~9kg | B4: ='Row data'!C10 -> 7.1
A5: 10~14kg | B5: ='Row data'!C11 -> 6.3
A6: 15~17kg | B6: ='Row data'!C12 -> 5.4
A7: 18~20kg | B7: ='Row data'!C13 -> 4.8
A8: 21~24kg | B8: ='Row data'!C14 -> 4.5
A9: 20kg~ 이상 | B9: ='Row data'!C15 -> 4.3
