Workbook

Sheet Row data
B1: LK내부 환율
B2: 화폐 | C2: 기준 환율 | D2: 추가 환율 | E2: 적용 환율
B3: USD-KIP | C3: 23000 | D3: 1000 | E3: =C3+D3 -> 24000
B4: USD-THB | C4: 33 | D4: 1 | E4: =C4+D4 -> 34
B5: USD-WON | C5: 1515 | D5: 30 | E5: =C5+D5 -> 1545
B7: Kg 구간 | C7: 최소값 | D7: 적용 운임
B8: 0~1kg | C8: 0 | D8: 18
B9: 2~5kg | C9: 2 | D9: 16
B10: 6~9kg | C10: 6 | D10: 14
B11: 10~14kg | C11: 10 | D11: 12
B12: 15kg 이상 | C12: 15 | D12: 10
B15: 한국 세금 계산서 발급시 계좌번호
B16: 경남은행 2070133424601 박성호(엘케이무역)
B18: 일반 입금
B19: 경남은행 571-22-0330221 박성호
B21: 라오스-한국 항공 xx항차
B22: Total | C22: =SUM('이름(Bxx-xx):이름(Bxx-xx) (2)'!R1) -> 2
B23: Amount | C23: =SUM('이름(Bxx-xx):이름(Bxx-xx) (2)'!R2) -> 0
B25: 총 할인 금액 | C25: =#REF!+#REF!+#REF!+#REF! -> #REF!
B28: 현지 발생 비용
B29: 날짜 | C29: 내 용 | D29: 킵
D34: =SUM(D30:D33) -> 0 | E34: =D34/C4 -> 0
B37: 총 합산 액 | C37: =C23-E34 -> 0
B63: Kg 구간 | C63: 적용 운임
B64: 0~1kg | C64: 18
B65: 2~5kg | C65: 16
B66: 6~9kg | C66: 14
B67: 10~14kg | C67: 12
B68: 15kg 이상 | C68: 10

Sheet Lao airline data
A1: 운송사 | B1: 카톤 No. Carton No. | C1: 무게(Kg) G.W(kg) | D1: 규격 size (L x W x H)cm | G1: 화물단가 Invoice Value | H1: HS코드 Full HS Code | I1: 종류 및 수량 Item & Qty. / Laotian | J1: 수신인 성함 Receiver name | K1: 수신인 주소 Receiver Address | L1: 수신인 전화번호 Receiver Tel. | M1: 수신인 개인통관번호 PCCC
A2: Shipper LK | B2: B01-01 | G2: ='MEXG_AI UPLOAD'!AK3+'MEXG_AI UPLOAD'!AN3+'MEXG_AI UPLOAD'!AQ3+'MEXG_AI UPLOAD'!AT3+'MEXG_AI UPLOAD'!AW3+'MEXG_AI UPLOAD'!AZ3+'MEXG_AI UPLOAD'!BC3+'MEXG_AI UPLOAD'!BF3+'MEXG_AI UPLOAD'!BI3+'MEXG_AI UPLOAD'!BL3+'MEXG_AI UPLOAD'!BO3+'MEXG_AI UPLOAD'!BR3+'MEXG_AI UPLOAD'!BU3+'MEXG_AI UPLOAD'!BX3+'MEXG_AI UPLOAD'!CA3+'MEXG_AI UPLOAD'!CD3+'MEXG_AI UPLOAD'!CG3+'MEXG_AI UPLOAD'!CJ3+'MEXG_AI UPLOAD'!CM3+'MEXG_AI UPLOAD'!CP3+'MEXG_AI UPLOAD'!CS3+'MEXG_AI UPLOAD'!CV3+'MEXG_AI UPLOAD'!CY3+'MEXG_AI UPLOAD'!DB3+'MEXG_AI UPLOAD'!DE3+'MEXG_AI UPLOAD'!DH3+'MEXG_AI UPLOAD'!DK3+'MEXG_AI UPLOAD'!DN3+'MEXG_AI UPLOAD'!DQ3+'MEXG_AI UPLOAD'!DT3+'MEXG_AI UPLOAD'!DW3+'MEXG_AI UPLOAD'!DZ3+'MEXG_AI UPLOAD'!EC3+'MEXG_AI UPLOAD'!EF3+'MEXG_AI UPLOAD'!EI3+'MEXG_AI UPLOAD'!EL3+'MEXG_AI UPLOAD'!EO3+'MEXG_AI UPLOAD'!ER3+'MEXG_AI UPLOAD'!EU3+'MEXG_AI UPLOAD'!EX3+'MEXG_AI UPLOAD'!FA3+'MEXG_AI UPLOAD'!FD3+'MEXG_AI UPLOAD'!FG3+'MEXG_AI UPLOAD'!FJ3+'MEXG_AI UPLOAD'!FM3+'MEXG_AI UPLOAD'!FP3+'MEXG_AI UPLOAD'!FS3+'MEXG_AI UPLOAD'!FV3+'MEXG_AI UPLOAD'!FY3+'MEXG_AI UPLOAD'!GB3 -> 0
G3: ='MEXG_AI UPLOAD'!AK4+'MEXG_AI UPLOAD'!AN4+'MEXG_AI UPLOAD'!AQ4+'MEXG_AI UPLOAD'!AT4+'MEXG_AI UPLOAD'!AW4+'MEXG_AI UPLOAD'!AZ4+'MEXG_AI UPLOAD'!BC4+'MEXG_AI UPLOAD'!BF4+'MEXG_AI UPLOAD'!BI4+'MEXG_AI UPLOAD'!BL4+'MEXG_AI UPLOAD'!BO4+'MEXG_AI UPLOAD'!BR4+'MEXG_AI UPLOAD'!BU4+'MEXG_AI UPLOAD'!BX4+'MEXG_AI UPLOAD'!CA4+'MEXG_AI UPLOAD'!CD4+'MEXG_AI UPLOAD'!CG4+'MEXG_AI UPLOAD'!CJ4+'MEXG_AI UPLOAD'!CM4+'MEXG_AI UPLOAD'!CP4+'MEXG_AI UPLOAD'!CS4+'MEXG_AI UPLOAD'!CV4+'MEXG_AI UPLOAD'!CY4+'MEXG_AI UPLOAD'!DB4+'MEXG_AI UPLOAD'!DE4+'MEXG_AI UPLOAD'!DH4+'MEXG_AI UPLOAD'!DK4+'MEXG_AI UPLOAD'!DN4+'MEXG_AI UPLOAD'!DQ4+'MEXG_AI UPLOAD'!DT4+'MEXG_AI UPLOAD'!DW4+'MEXG_AI UPLOAD'!DZ4+'MEXG_AI UPLOAD'!EC4+'MEXG_AI UPLOAD'!EF4+'MEXG_AI UPLOAD'!EI4+'MEXG_AI UPLOAD'!EL4+'MEXG_AI UPLOAD'!EO4+'MEXG_AI UPLOAD'!ER4+'MEXG_AI UPLOAD'!EU4+'MEXG_AI UPLOAD'!EX4+'MEXG_AI UPLOAD'!FA4+'MEXG_AI UPLOAD'!FD4+'MEXG_AI UPLOAD'!FG4+'MEXG_AI UPLOAD'!FJ4+'MEXG_AI UPLOAD'!FM4+'MEXG_AI UPLOAD'!FP4+'MEXG_AI UPLOAD'!FS4+'MEXG_AI UPLOAD'!FV4+'MEXG_AI UPLOAD'!FY4+'MEXG_AI UPLOAD'!GB4 -> 0
G4: ='MEXG_AI UPLOAD'!AK5+'MEXG_AI UPLOAD'!AN5+'MEXG_AI UPLOAD'!AQ5+'MEXG_AI UPLOAD'!AT5+'MEXG_AI UPLOAD'!AW5+'MEXG_AI UPLOAD'!AZ5+'MEXG_AI UPLOAD'!BC5+'MEXG_AI UPLOAD'!BF5+'MEXG_AI UPLOAD'!BI5+'MEXG_AI UPLOAD'!BL5+'MEXG_AI UPLOAD'!BO5+'MEXG_AI UPLOAD'!BR5+'MEXG_AI UPLOAD'!BU5+'MEXG_AI UPLOAD'!BX5+'MEXG_AI UPLOAD'!CA5+'MEXG_AI UPLOAD'!CD5+'MEXG_AI UPLOAD'!CG5+'MEXG_AI UPLOAD'!CJ5+'MEXG_AI UPLOAD'!CM5+'MEXG_AI UPLOAD'!CP5+'MEXG_AI UPLOAD'!CS5+'MEXG_AI UPLOAD'!CV5+'MEXG_AI UPLOAD'!CY5+'MEXG_AI UPLOAD'!DB5+'MEXG_AI UPLOAD'!DE5+'MEXG_AI UPLOAD'!DH5+'MEXG_AI UPLOAD'!DK5+'MEXG_AI UPLOAD'!DN5+'MEXG_AI UPLOAD'!DQ5+'MEXG_AI UPLOAD'!DT5+'MEXG_AI UPLOAD'!DW5+'MEXG_AI UPLOAD'!DZ5+'MEXG_AI UPLOAD'!EC5+'MEXG_AI UPLOAD'!EF5+'MEXG_AI UPLOAD'!EI5+'MEXG_AI UPLOAD'!EL5+'MEXG_AI UPLOAD'!EO5+'MEXG_AI UPLOAD'!ER5+'MEXG_AI UPLOAD'!EU5+'MEXG_AI UPLOAD'!EX5+'MEXG_AI UPLOAD'!FA5+'MEXG_AI UPLOAD'!FD5+'MEXG_AI UPLOAD'!FG5+'MEXG_AI UPLOAD'!FJ5+'MEXG_AI UPLOAD'!FM5+'MEXG_AI UPLOAD'!FP5+'MEXG_AI UPLOAD'!FS5+'MEXG_AI UPLOAD'!FV5+'MEXG_AI UPLOAD'!FY5+'MEXG_AI UPLOAD'!GB5 -> 0
G5: ='MEXG_AI UPLOAD'!AK6+'MEXG_AI UPLOAD'!AN6+'MEXG_AI UPLOAD'!AQ6+'MEXG_AI UPLOAD'!AT6+'MEXG_AI UPLOAD'!AW6+'MEXG_AI UPLOAD'!AZ6+'MEXG_AI UPLOAD'!BC6+'MEXG_AI UPLOAD'!BF6+'MEXG_AI UPLOAD'!BI6+'MEXG_AI UPLOAD'!BL6+'MEXG_AI UPLOAD'!BO6+'MEXG_AI UPLOAD'!BR6+'MEXG_AI UPLOAD'!BU6+'MEXG_AI UPLOAD'!BX6+'MEXG_AI UPLOAD'!CA6+'MEXG_AI UPLOAD'!CD6+'MEXG_AI UPLOAD'!CG6+'MEXG_AI UPLOAD'!CJ6+'MEXG_AI UPLOAD'!CM6+'MEXG_AI UPLOAD'!CP6+'MEXG_AI UPLOAD'!CS6+'MEXG_AI UPLOAD'!CV6+'MEXG_AI UPLOAD'!CY6+'MEXG_AI UPLOAD'!DB6+'MEXG_AI UPLOAD'!DE6+'MEXG_AI UPLOAD'!DH6+'MEXG_AI UPLOAD'!DK6+'MEXG_AI UPLOAD'!DN6+'MEXG_AI UPLOAD'!DQ6+'MEXG_AI UPLOAD'!DT6+'MEXG_AI UPLOAD'!DW6+'MEXG_AI UPLOAD'!DZ6+'MEXG_AI UPLOAD'!EC6+'MEXG_AI UPLOAD'!EF6+'MEXG_AI UPLOAD'!EI6+'MEXG_AI UPLOAD'!EL6+'MEXG_AI UPLOAD'!EO6+'MEXG_AI UPLOAD'!ER6+'MEXG_AI UPLOAD'!EU6+'MEXG_AI UPLOAD'!EX6+'MEXG_AI UPLOAD'!FA6+'MEXG_AI UPLOAD'!FD6+'MEXG_AI UPLOAD'!FG6+'MEXG_AI UPLOAD'!FJ6+'MEXG_AI UPLOAD'!FM6+'MEXG_AI UPLOAD'!FP6+'MEXG_AI UPLOAD'!FS6+'MEXG_AI UPLOAD'!FV6+'MEXG_AI UPLOAD'!FY6+'MEXG_AI UPLOAD'!GB6 -> 0
G6: ='MEXG_AI UPLOAD'!AK7+'MEXG_AI UPLOAD'!AN7+'MEXG_AI UPLOAD'!AQ7+'MEXG_AI UPLOAD'!AT7+'MEXG_AI UPLOAD'!AW7+'MEXG_AI UPLOAD'!AZ7+'MEXG_AI UPLOAD'!BC7+'MEXG_AI UPLOAD'!BF7+'MEXG_AI UPLOAD'!BI7+'MEXG_AI UPLOAD'!BL7+'MEXG_AI UPLOAD'!BO7+'MEXG_AI UPLOAD'!BR7+'MEXG_AI UPLOAD'!BU7+'MEXG_AI UPLOAD'!BX7+'MEXG_AI UPLOAD'!CA7+'MEXG_AI UPLOAD'!CD7+'MEXG_AI UPLOAD'!CG7+'MEXG_AI UPLOAD'!CJ7+'MEXG_AI UPLOAD'!CM7+'MEXG_AI UPLOAD'!CP7+'MEXG_AI UPLOAD'!CS7+'MEXG_AI UPLOAD'!CV7+'MEXG_AI UPLOAD'!CY7+'MEXG_AI UPLOAD'!DB7+'MEXG_AI UPLOAD'!DE7+'MEXG_AI UPLOAD'!DH7+'MEXG_AI UPLOAD'!DK7+'MEXG_AI UPLOAD'!DN7+'MEXG_AI UPLOAD'!DQ7+'MEXG_AI UPLOAD'!DT7+'MEXG_AI UPLOAD'!DW7+'MEXG_AI UPLOAD'!DZ7+'MEXG_AI UPLOAD'!EC7+'MEXG_AI UPLOAD'!EF7+'MEXG_AI UPLOAD'!EI7+'MEXG_AI UPLOAD'!EL7+'MEXG_AI UPLOAD'!EO7+'MEXG_AI UPLOAD'!ER7+'MEXG_AI UPLOAD'!EU7+'MEXG_AI UPLOAD'!EX7+'MEXG_AI UPLOAD'!FA7+'MEXG_AI UPLOAD'!FD7+'MEXG_AI UPLOAD'!FG7+'MEXG_AI UPLOAD'!FJ7+'MEXG_AI UPLOAD'!FM7+'MEXG_AI UPLOAD'!FP7+'MEXG_AI UPLOAD'!FS7+'MEXG_AI UPLOAD'!FV7+'MEXG_AI UPLOAD'!FY7+'MEXG_AI UPLOAD'!GB7 -> 0
G7: ='MEXG_AI UPLOAD'!AK8+'MEXG_AI UPLOAD'!AN8+'MEXG_AI UPLOAD'!AQ8+'MEXG_AI UPLOAD'!AT8+'MEXG_AI UPLOAD'!AW8+'MEXG_AI UPLOAD'!AZ8+'MEXG_AI UPLOAD'!BC8+'MEXG_AI UPLOAD'!BF8+'MEXG_AI UPLOAD'!BI8+'MEXG_AI UPLOAD'!BL8+'MEXG_AI UPLOAD'!BO8+'MEXG_AI UPLOAD'!BR8+'MEXG_AI UPLOAD'!BU8+'MEXG_AI UPLOAD'!BX8+'MEXG_AI UPLOAD'!CA8+'MEXG_AI UPLOAD'!CD8+'MEXG_AI UPLOAD'!CG8+'MEXG_AI UPLOAD'!CJ8+'MEXG_AI UPLOAD'!CM8+'MEXG_AI UPLOAD'!CP8+'MEXG_AI UPLOAD'!CS8+'MEXG_AI UPLOAD'!CV8+'MEXG_AI UPLOAD'!CY8+'MEXG_AI UPLOAD'!DB8+'MEXG_AI UPLOAD'!DE8+'MEXG_AI UPLOAD'!DH8+'MEXG_AI UPLOAD'!DK8+'MEXG_AI UPLOAD'!DN8+'MEXG_AI UPLOAD'!DQ8+'MEXG_AI UPLOAD'!DT8+'MEXG_AI UPLOAD'!DW8+'MEXG_AI UPLOAD'!DZ8+'MEXG_AI UPLOAD'!EC8+'MEXG_AI UPLOAD'!EF8+'MEXG_AI UPLOAD'!EI8+'MEXG_AI UPLOAD'!EL8+'MEXG_AI UPLOAD'!EO8+'MEXG_AI UPLOAD'!ER8+'MEXG_AI UPLOAD'!EU8+'MEXG_AI UPLOAD'!EX8+'MEXG_AI UPLOAD'!FA8+'MEXG_AI UPLOAD'!FD8+'MEXG_AI UPLOAD'!FG8+'MEXG_AI UPLOAD'!FJ8+'MEXG_AI UPLOAD'!FM8+'MEXG_AI UPLOAD'!FP8+'MEXG_AI UPLOAD'!FS8+'MEXG_AI UPLOAD'!FV8+'MEXG_AI UPLOAD'!FY8+'MEXG_AI UPLOAD'!GB8 -> 0
G8: ='MEXG_AI UPLOAD'!AK9+'MEXG_AI UPLOAD'!AN9+'MEXG_AI UPLOAD'!AQ9+'MEXG_AI UPLOAD'!AT9+'MEXG_AI UPLOAD'!AW9+'MEXG_AI UPLOAD'!AZ9+'MEXG_AI UPLOAD'!BC9+'MEXG_AI UPLOAD'!BF9+'MEXG_AI UPLOAD'!BI9+'MEXG_AI UPLOAD'!BL9+'MEXG_AI UPLOAD'!BO9+'MEXG_AI UPLOAD'!BR9+'MEXG_AI UPLOAD'!BU9+'MEXG_AI UPLOAD'!BX9+'MEXG_AI UPLOAD'!CA9+'MEXG_AI UPLOAD'!CD9+'MEXG_AI UPLOAD'!CG9+'MEXG_AI UPLOAD'!CJ9+'MEXG_AI UPLOAD'!CM9+'MEXG_AI UPLOAD'!CP9+'MEXG_AI UPLOAD'!CS9+'MEXG_AI UPLOAD'!CV9+'MEXG_AI UPLOAD'!CY9+'MEXG_AI UPLOAD'!DB9+'MEXG_AI UPLOAD'!DE9+'MEXG_AI UPLOAD'!DH9+'MEXG_AI UPLOAD'!DK9+'MEXG_AI UPLOAD'!DN9+'MEXG_AI UPLOAD'!DQ9+'MEXG_AI UPLOAD'!DT9+'MEXG_AI UPLOAD'!DW9+'MEXG_AI UPLOAD'!DZ9+'MEXG_AI UPLOAD'!EC9+'MEXG_AI UPLOAD'!EF9+'MEXG_AI UPLOAD'!EI9+'MEXG_AI UPLOAD'!EL9+'MEXG_AI UPLOAD'!EO9+'MEXG_AI UPLOAD'!ER9+'MEXG_AI UPLOAD'!EU9+'MEXG_AI UPLOAD'!EX9+'MEXG_AI UPLOAD'!FA9+'MEXG_AI UPLOAD'!FD9+'MEXG_AI UPLOAD'!FG9+'MEXG_AI UPLOAD'!FJ9+'MEXG_AI UPLOAD'!FM9+'MEXG_AI UPLOAD'!FP9+'MEXG_AI UPLOAD'!FS9+'MEXG_AI UPLOAD'!FV9+'MEXG_AI UPLOAD'!FY9+'MEXG_AI UPLOAD'!GB9 -> 0
G9: ='MEXG_AI UPLOAD'!AK10+'MEXG_AI UPLOAD'!AN10+'MEXG_AI UPLOAD'!AQ10+'MEXG_AI UPLOAD'!AT10+'MEXG_AI UPLOAD'!AW10+'MEXG_AI UPLOAD'!AZ10+'MEXG_AI UPLOAD'!BC10+'MEXG_AI UPLOAD'!BF10+'MEXG_AI UPLOAD'!BI10+'MEXG_AI UPLOAD'!BL10+'MEXG_AI UPLOAD'!BO10+'MEXG_AI UPLOAD'!BR10+'MEXG_AI UPLOAD'!BU10+'MEXG_AI UPLOAD'!BX10+'MEXG_AI UPLOAD'!CA10+'MEXG_AI UPLOAD'!CD10+'MEXG_AI UPLOAD'!CG10+'MEXG_AI UPLOAD'!CJ10+'MEXG_AI UPLOAD'!CM10+'MEXG_AI UPLOAD'!CP10+'MEXG_AI UPLOAD'!CS10+'MEXG_AI UPLOAD'!CV10+'MEXG_AI UPLOAD'!CY10+'MEXG_AI UPLOAD'!DB10+'MEXG_AI UPLOAD'!DE10+'MEXG_AI UPLOAD'!DH10+'MEXG_AI UPLOAD'!DK10+'MEXG_AI UPLOAD'!DN10+'MEXG_AI UPLOAD'!DQ10+'MEXG_AI UPLOAD'!DT10+'MEXG_AI UPLOAD'!DW10+'MEXG_AI UPLOAD'!DZ10+'MEXG_AI UPLOAD'!EC10+'MEXG_AI UPLOAD'!EF10+'MEXG_AI UPLOAD'!EI10+'MEXG_AI UPLOAD'!EL10+'MEXG_AI UPLOAD'!EO10+'MEXG_AI UPLOAD'!ER10+'MEXG_AI UPLOAD'!EU10+'MEXG_AI UPLOAD'!EX10+'MEXG_AI UPLOAD'!FA10+'MEXG_AI UPLOAD'!FD10+'MEXG_AI UPLOAD'!FG10+'MEXG_AI UPLOAD'!FJ10+'MEXG_AI UPLOAD'!FM10+'MEXG_AI UPLOAD'!FP10+'MEXG_AI UPLOAD'!FS10+'MEXG_AI UPLOAD'!FV10+'MEXG_AI UPLOAD'!FY10+'MEXG_AI UPLOAD'!GB10 -> 0
G10: ='MEXG_AI UPLOAD'!AK11+'MEXG_AI UPLOAD'!AN11+'MEXG_AI UPLOAD'!AQ11+'MEXG_AI UPLOAD'!AT11+'MEXG_AI UPLOAD'!AW11+'MEXG_AI UPLOAD'!AZ11+'MEXG_AI UPLOAD'!BC11+'MEXG_AI UPLOAD'!BF11+'MEXG_AI UPLOAD'!BI11+'MEXG_AI UPLOAD'!BL11+'MEXG_AI UPLOAD'!BO11+'MEXG_AI UPLOAD'!BR11+'MEXG_AI UPLOAD'!BU11+'MEXG_AI UPLOAD'!BX11+'MEXG_AI UPLOAD'!CA11+'MEXG_AI UPLOAD'!CD11+'MEXG_AI UPLOAD'!CG11+'MEXG_AI UPLOAD'!CJ11+'MEXG_AI UPLOAD'!CM11+'MEXG_AI UPLOAD'!CP11+'MEXG_AI UPLOAD'!CS11+'MEXG_AI UPLOAD'!CV11+'MEXG_AI UPLOAD'!CY11+'MEXG_AI UPLOAD'!DB11+'MEXG_AI UPLOAD'!DE11+'MEXG_AI UPLOAD'!DH11+'MEXG_AI UPLOAD'!DK11+'MEXG_AI UPLOAD'!DN11+'MEXG_AI UPLOAD'!DQ11+'MEXG_AI UPLOAD'!DT11+'MEXG_AI UPLOAD'!DW11+'MEXG_AI UPLOAD'!DZ11+'MEXG_AI UPLOAD'!EC11+'MEXG_AI UPLOAD'!EF11+'MEXG_AI UPLOAD'!EI11+'MEXG_AI UPLOAD'!EL11+'MEXG_AI UPLOAD'!EO11+'MEXG_AI UPLOAD'!ER11+'MEXG_AI UPLOAD'!EU11+'MEXG_AI UPLOAD'!EX11+'MEXG_AI UPLOAD'!FA11+'MEXG_AI UPLOAD'!FD11+'MEXG_AI UPLOAD'!FG11+'MEXG_AI UPLOAD'!FJ11+'MEXG_AI UPLOAD'!FM11+'MEXG_AI UPLOAD'!FP11+'MEXG_AI UPLOAD'!FS11+'MEXG_AI UPLOAD'!FV11+'MEXG_AI UPLOAD'!FY11+'MEXG_AI UPLOAD'!GB11 -> 0
G11: ='MEXG_AI UPLOAD'!AK12+'MEXG_AI UPLOAD'!AN12+'MEXG_AI UPLOAD'!AQ12+'MEXG_AI UPLOAD'!AT12+'MEXG_AI UPLOAD'!AW12+'MEXG_AI UPLOAD'!AZ12+'MEXG_AI UPLOAD'!BC12+'MEXG_AI UPLOAD'!BF12+'MEXG_AI UPLOAD'!BI12+'MEXG_AI UPLOAD'!BL12+'MEXG_AI UPLOAD'!BO12+'MEXG_AI UPLOAD'!BR12+'MEXG_AI UPLOAD'!BU12+'MEXG_AI UPLOAD'!BX12+'MEXG_AI UPLOAD'!CA12+'MEXG_AI UPLOAD'!CD12+'MEXG_AI UPLOAD'!CG12+'MEXG_AI UPLOAD'!CJ12+'MEXG_AI UPLOAD'!CM12+'MEXG_AI UPLOAD'!CP12+'MEXG_AI UPLOAD'!CS12+'MEXG_AI UPLOAD'!CV12+'MEXG_AI UPLOAD'!CY12+'MEXG_AI UPLOAD'!DB12+'MEXG_AI UPLOAD'!DE12+'MEXG_AI UPLOAD'!DH12+'MEXG_AI UPLOAD'!DK12+'MEXG_AI UPLOAD'!DN12+'MEXG_AI UPLOAD'!DQ12+'MEXG_AI UPLOAD'!DT12+'MEXG_AI UPLOAD'!DW12+'MEXG_AI UPLOAD'!DZ12+'MEXG_AI UPLOAD'!EC12+'MEXG_AI UPLOAD'!EF12+'MEXG_AI UPLOAD'!EI12+'MEXG_AI UPLOAD'!EL12+'MEXG_AI UPLOAD'!EO12+'MEXG_AI UPLOAD'!ER12+'MEXG_AI UPLOAD'!EU12+'MEXG_AI UPLOAD'!EX12+'MEXG_AI UPLOAD'!FA12+'MEXG_AI UPLOAD'!FD12+'MEXG_AI UPLOAD'!FG12+'MEXG_AI UPLOAD'!FJ12+'MEXG_AI UPLOAD'!FM12+'MEXG_AI UPLOAD'!FP12+'MEXG_AI UPLOAD'!FS12+'MEXG_AI UPLOAD'!FV12+'MEXG_AI UPLOAD'!FY12+'MEXG_AI UPLOAD'!GB12 -> 0
G12: ='MEXG_AI UPLOAD'!AK13+'MEXG_AI UPLOAD'!AN13+'MEXG_AI UPLOAD'!AQ13+'MEXG_AI UPLOAD'!AT13+'MEXG_AI UPLOAD'!AW13+'MEXG_AI UPLOAD'!AZ13+'MEXG_AI UPLOAD'!BC13+'MEXG_AI UPLOAD'!BF13+'MEXG_AI UPLOAD'!BI13+'MEXG_AI UPLOAD'!BL13+'MEXG_AI UPLOAD'!BO13+'MEXG_AI UPLOAD'!BR13+'MEXG_AI UPLOAD'!BU13+'MEXG_AI UPLOAD'!BX13+'MEXG_AI UPLOAD'!CA13+'MEXG_AI UPLOAD'!CD13+'MEXG_AI UPLOAD'!CG13+'MEXG_AI UPLOAD'!CJ13+'MEXG_AI UPLOAD'!CM13+'MEXG_AI UPLOAD'!CP13+'MEXG_AI UPLOAD'!CS13+'MEXG_AI UPLOAD'!CV13+'MEXG_AI UPLOAD'!CY13+'MEXG_AI UPLOAD'!DB13+'MEXG_AI UPLOAD'!DE13+'MEXG_AI UPLOAD'!DH13+'MEXG_AI UPLOAD'!DK13+'MEXG_AI UPLOAD'!DN13+'MEXG_AI UPLOAD'!DQ13+'MEXG_AI UPLOAD'!DT13+'MEXG_AI UPLOAD'!DW13+'MEXG_AI UPLOAD'!DZ13+'MEXG_AI UPLOAD'!EC13+'MEXG_AI UPLOAD'!EF13+'MEXG_AI UPLOAD'!EI13+'MEXG_AI UPLOAD'!EL13+'MEXG_AI UPLOAD'!EO13+'MEXG_AI UPLOAD'!ER13+'MEXG_AI UPLOAD'!EU13+'MEXG_AI UPLOAD'!EX13+'MEXG_AI UPLOAD'!FA13+'MEXG_AI UPLOAD'!FD13+'MEXG_AI UPLOAD'!FG13+'MEXG_AI UPLOAD'!FJ13+'MEXG_AI UPLOAD'!FM13+'MEXG_AI UPLOAD'!FP13+'MEXG_AI UPLOAD'!FS13+'MEXG_AI UPLOAD'!FV13+'MEXG_AI UPLOAD'!FY13+'MEXG_AI UPLOAD'!GB13 -> 0
G13: ='MEXG_AI UPLOAD'!AK14+'MEXG_AI UPLOAD'!AN14+'MEXG_AI UPLOAD'!AQ14+'MEXG_AI UPLOAD'!AT14+'MEXG_AI UPLOAD'!AW14+'MEXG_AI UPLOAD'!AZ14+'MEXG_AI UPLOAD'!BC14+'MEXG_AI UPLOAD'!BF14+'MEXG_AI UPLOAD'!BI14+'MEXG_AI UPLOAD'!BL14+'MEXG_AI UPLOAD'!BO14+'MEXG_AI UPLOAD'!BR14+'MEXG_AI UPLOAD'!BU14+'MEXG_AI UPLOAD'!BX14+'MEXG_AI UPLOAD'!CA14+'MEXG_AI UPLOAD'!CD14+'MEXG_AI UPLOAD'!CG14+'MEXG_AI UPLOAD'!CJ14+'MEXG_AI UPLOAD'!CM14+'MEXG_AI UPLOAD'!CP14+'MEXG_AI UPLOAD'!CS14+'MEXG_AI UPLOAD'!CV14+'MEXG_AI UPLOAD'!CY14+'MEXG_AI UPLOAD'!DB14+'MEXG_AI UPLOAD'!DE14+'MEXG_AI UPLOAD'!DH14+'MEXG_AI UPLOAD'!DK14+'MEXG_AI UPLOAD'!DN14+'MEXG_AI UPLOAD'!DQ14+'MEXG_AI UPLOAD'!DT14+'MEXG_AI UPLOAD'!DW14+'MEXG_AI UPLOAD'!DZ14+'MEXG_AI UPLOAD'!EC14+'MEXG_AI UPLOAD'!EF14+'MEXG_AI UPLOAD'!EI14+'MEXG_AI UPLOAD'!EL14+'MEXG_AI UPLOAD'!EO14+'MEXG_AI UPLOAD'!ER14+'MEXG_AI UPLOAD'!EU14+'MEXG_AI UPLOAD'!EX14+'MEXG_AI UPLOAD'!FA14+'MEXG_AI UPLOAD'!FD14+'MEXG_AI UPLOAD'!FG14+'MEXG_AI UPLOAD'!FJ14+'MEXG_AI UPLOAD'!FM14+'MEXG_AI UPLOAD'!FP14+'MEXG_AI UPLOAD'!FS14+'MEXG_AI UPLOAD'!FV14+'MEXG_AI UPLOAD'!FY14+'MEXG_AI UPLOAD'!GB14 -> 0
G14: ='MEXG_AI UPLOAD'!AK15+'MEXG_AI UPLOAD'!AN15+'MEXG_AI UPLOAD'!AQ15+'MEXG_AI UPLOAD'!AT15+'MEXG_AI UPLOAD'!AW15+'MEXG_AI UPLOAD'!AZ15+'MEXG_AI UPLOAD'!BC15+'MEXG_AI UPLOAD'!BF15+'MEXG_AI UPLOAD'!BI15+'MEXG_AI UPLOAD'!BL15+'MEXG_AI UPLOAD'!BO15+'MEXG_AI UPLOAD'!BR15+'MEXG_AI UPLOAD'!BU15+'MEXG_AI UPLOAD'!BX15+'MEXG_AI UPLOAD'!CA15+'MEXG_AI UPLOAD'!CD15+'MEXG_AI UPLOAD'!CG15+'MEXG_AI UPLOAD'!CJ15+'MEXG_AI UPLOAD'!CM15+'MEXG_AI UPLOAD'!CP15+'MEXG_AI UPLOAD'!CS15+'MEXG_AI UPLOAD'!CV15+'MEXG_AI UPLOAD'!CY15+'MEXG_AI UPLOAD'!DB15+'MEXG_AI UPLOAD'!DE15+'MEXG_AI UPLOAD'!DH15+'MEXG_AI UPLOAD'!DK15+'MEXG_AI UPLOAD'!DN15+'MEXG_AI UPLOAD'!DQ15+'MEXG_AI UPLOAD'!DT15+'MEXG_AI UPLOAD'!DW15+'MEXG_AI UPLOAD'!DZ15+'MEXG_AI UPLOAD'!EC15+'MEXG_AI UPLOAD'!EF15+'MEXG_AI UPLOAD'!EI15+'MEXG_AI UPLOAD'!EL15+'MEXG_AI UPLOAD'!EO15+'MEXG_AI UPLOAD'!ER15+'MEXG_AI UPLOAD'!EU15+'MEXG_AI UPLOAD'!EX15+'MEXG_AI UPLOAD'!FA15+'MEXG_AI UPLOAD'!FD15+'MEXG_AI UPLOAD'!FG15+'MEXG_AI UPLOAD'!FJ15+'MEXG_AI UPLOAD'!FM15+'MEXG_AI UPLOAD'!FP15+'MEXG_AI UPLOAD'!FS15+'MEXG_AI UPLOAD'!FV15+'MEXG_AI UPLOAD'!FY15+'MEXG_AI UPLOAD'!GB15 -> 0
... G20: ='MEXG_AI UPLOAD'!AK21+'MEXG_AI UPLOAD'!AN21+'MEXG_AI UPLOAD'!AQ21+'MEXG_AI UPLOAD'!AT21+'MEXG_AI UPLOAD'!AW21+'MEXG_AI UPLOAD'!AZ21+'MEXG_AI UPLOAD'!BC21+'MEXG_AI UPLOAD'!BF21+'MEXG_AI UPLOAD'!BI21+'MEXG_AI UPLOAD'!BL21+'MEXG_AI UPLOAD'!BO21+'MEXG_AI UPLOAD'!BR21+'MEXG_AI UPLOAD'!BU21+'MEXG_AI UPLOAD'!BX21+'MEXG_AI UPLOAD'!CA21+'MEXG_AI UPLOAD'!CD21+'MEXG_AI UPLOAD'!CG21+'MEXG_AI UPLOAD'!CJ21+'MEXG_AI UPLOAD'!CM21+'MEXG_AI UPLOAD'!CP21+'MEXG_AI UPLOAD'!CS21+'MEXG_AI UPLOAD'!CV21+'MEXG_AI UPLOAD'!CY21+'MEXG_AI UPLOAD'!DB21+'MEXG_AI UPLOAD'!DE21+'MEXG_AI UPLOAD'!DH21+'MEXG_AI UPLOAD'!DK21+'MEXG_AI UPLOAD'!DN21+'MEXG_AI UPLOAD'!DQ21+'MEXG_AI UPLOAD'!DT21+'MEXG_AI UPLOAD'!DW21+'MEXG_AI UPLOAD'!DZ21+'MEXG_AI UPLOAD'!EC21+'MEXG_AI UPLOAD'!EF21+'MEXG_AI UPLOAD'!EI21+'MEXG_AI UPLOAD'!EL21+'MEXG_AI UPLOAD'!EO21+'MEXG_AI UPLOAD'!ER21+'MEXG_AI UPLOAD'!EU21+'MEXG_AI UPLOAD'!EX21+'MEXG_AI UPLOAD'!FA21+'MEXG_AI UPLOAD'!FD21+'MEXG_AI UPLOAD'!FG21+'MEXG_AI UPLOAD'!FJ21+'MEXG_AI UPLOAD'!FM21+'MEXG_AI UPLOAD'!FP21+'MEXG_AI UPLOAD'!FS21+'MEXG_AI UPLOAD'!FV21+'MEXG_AI UPLOAD'!FY21+'MEXG_AI UPLOAD'!GB21 -> 0
A22: Shipper | B22: LK Group(LAKO Co., LTD.) | J22: Shipper | K22: LK Group(LAKO Co., LTD.)
A23: Address | B23: LK B/D Road Dongpainar, Ruelen 11, Ban Saphanthong Nuea 09, Sisattanak District, Vientiane. | J23: Address | K23: LK B/D ຖະຫນົນດົງໄພນາ, ຮ່ອມ 11, ບ້ານສະພັງທອງເໜືອ ໜ່ວຍ 9, ເມືອງສີສັດຕະນາກ, ນະຄອນຫຼວງວຽງຈັນ
A24: Tel | B24: +856 20 9112 6780 | J24: Tel | K24: +856 20 9112 6780
A26: CNEE | B26: MEX GLOBAL LOGISTICS ICN | J26: CNEE | K26: MEX GLOBAL LOGISTICS ICN
A27: Address | B27: 652-14 DENGCHUON-DONG KANGSEO KU SEOUL, REPUBLIC OF KOREA | J27: Address | K27: 652-14 DENGCHUON-DONG KANGSEO KU SEOUL, REPUBLIC OF KOREA
A28: Tel | B28: TEL: 82 2 657 0676 | J28: Tel | K28: TEL: 82 2 657 0676

Sheet 수취인 불명 내역
A1: 영수 번호 | B1: 송장 번호 | C1: Remark
A2: LK81 | B2: 5593-8870-9956 | C2: 김인규??
A3: LK82 | B3: 10-2664-5564-6053, 382-7242-2753
A4: LK83 | B4: 5903-7235-0543, 5903-7199-0220
A5: LK84 | B5: 66597-0117-4099 | C5: 이우용??
A6: LK85 | B6: 6856-8748-0750
A7: LK86 | B7: 66017-0128-0372
A8: LK87 | B8: 65689-0106-6533
A9: LK88 | B9: 5796-5801-8672 | C9: 송인호 고객물류로 추정됨 / 박주유 님이 한국에서 보내신 물건으로 추정
A10: LK89 | B10: 5909-8013-8342 | C10: 폼마린??
A11: LK90 | B11: 65129-0112-6372
A12: LK91 | B12: 64134-0322-0901, 64134-0322-0902 | C12: 박주유
A13: LK92 | B13: 6105072440050, 4107032440085, 3132212443441
A14: LK93 | B14: 10-2672-2107-9721, 10-2672-2107-9964, 10-2672-2107-5613, 10-2672-2107-8553, 10-2672-2107-5731 | C14: 박환영??
B15: 2601-402-015153
A16: LK94 | B16: 2484-9497-0570
A17: LK95 | B17: 3647-7561-7276

Sheet MEXG_AI UPLOAD
A1: MBL NO | C1: ETA
A2: Agent code | B2: PONO | C2: SITE | D2: MBL_NO | E2: HBL_NO | F2: 배송비고(요청사항) | G2: ETA | H2: FLT | I2: ORIGIN | J2: DEPT | K2: DSTN | L2: F.DEST | M2: SHPR NAME | N2: SHPR ADRS | O2: SHPR TEL NO | P2: CNEE NAME | Q2: CNEE ADRS | R2: CNEE TEL NO | S2: POST CODE | T2: C/C CODE(always A)(A:개인,D:일반,E:견품,F:서류) | U2: C/C Type Code(A:해외,B:구매,C:배송,Z:파악불가) | V2: Personal(1)/Company(2) | W2: CNEE TYPE(A:개인,B:생년,C:고유부호,D:사업자,E:외국인,F:여권) | X2: CNEE REG NO | Y2: Seller Name | Z2: Seller ID | AA2: Buyer Name | AB2: Buyer ID | AC2: Broker Name | AD2: Broker ID | AE2: 통관구분(N: 일반, Y: 목록, B:배제) | AF2: CNTS | AG2: Total W/T (kg) | AH2: HS CODE | AI2: DESCRIPTION(1) | AJ2: Inner Pkgs(1) | AK2: TOTAL VALUE(1) | AL2: DESCRIPTION(2) | AM2: Inner Pkgs(2) | AN2: TOTAL VALUE(2) | AO2: DESCRIPTION(3) | AP2: Inner Pkgs(3) | AQ2: TOTAL VALUE(3) | AR2: DESCRIPTION(4) | AS2: Inner Pkgs(4) | AT2: TOTAL VALUE(4) | AU2: DESCRIPTION(5) | AV2: Inner Pkgs(5) | AW2: TOTAL VALUE(5) | AX2: DESCRIPTION(6) | AY2: Inner Pkgs(6) | AZ2: TOTAL VALUE(6) | BA2: DESCRIPTION(7) | BB2: Inner Pkgs(7) | BC2: TOTAL VALUE(7) | BD2: DESCRIPTION(8) | BE2: Inner Pkgs(8) | BF2: TOTAL VALUE(8) | BG2: DESCRIPTION(9) | BH2: Inner Pkgs(9) | BI2: TOTAL VALUE(9) | BJ2: DESCRIPTION(10) | BK2: Inner Pkgs(10) | BL2: TOTAL VALUE(10) | BM2: DESCRIPTION(11) | BN2: Inner Pkgs(11) | BO2: TOTAL VALUE(11) | BP2: DESCRIPTION(12) | BQ2: Inner Pkgs(12) | BR2: TOTAL VALUE(12) | BS2: DESCRIPTION(13) | BT2: Inner Pkgs(13) | BU2: TOTAL VALUE(13) | BV2: DESCRIPTION(14) | BW2: Inner Pkgs(14) | BX2: TOTAL VALUE(14) | BY2: DESCRIPTION(15) | BZ2: Inner Pkgs(15) | CA2: TOTAL VALUE(15) | CB2: DESCRIPTION(16) | CC2: Inner Pkgs(16) | CD2: TOTAL VALUE(16) | CE2: DESCRIPTION(17) | CF2: Inner Pkgs(17) | CG2: TOTAL VALUE(17) | CH2: DESCRIPTION(18) | CI2: Inner Pkgs(18) | CJ2: TOTAL VALUE(18) | CK2: DESCRIPTION(19) | CL2: Inner Pkgs(19) | CM2: TOTAL VALUE(19) | CN2: DESCRIPTION(20) | CO2: Inner Pkgs(20) | CP2: TOTAL VALUE(20) | CQ2: DESCRIPTION(21) | CR2: Inner Pkgs(21) | CS2: TOTAL VALUE(21) | CT2: DESCRIPTION(22) | CU2: Inner Pkgs(22) | CV2: TOTAL VALUE(22) | CW2: DESCRIPTION(23) | CX2: Inner Pkgs(23) | CY2: TOTAL VALUE(23) | CZ2: DESCRIPTION(24) | DA2: Inner Pkgs(24) | DB2: TOTAL VALUE(24) | DC2: DESCRIPTION(25) | DD2: Inner Pkgs(25) | DE2: TOTAL VALUE(25) | DF2: DESCRIPTION(26) | DG2: Inner Pkgs(26) | DH2: TOTAL VALUE(26) | DI2: DESCRIPTION(27) | DJ2: Inner Pkgs(27) | DK2: TOTAL VALUE(27) | DL2: DESCRIPTION(28) | DM2: Inner Pkgs(28) | DN2: TOTAL VALUE(28) | DO2: DESCRIPTION(29) | DP2: Inner Pkgs(29) | DQ2: TOTAL VALUE(29) | DR2: DESCRIPTION(30) | DS2: Inner Pkgs(30) | DT2: TOTAL VALUE(30) | DU2: DESCRIPTION(31) | DV2: Inner Pkgs(31) | DW2: TOTAL VALUE(31) | DX2: DESCRIPTION(32) | DY2: Inner Pkgs(32) | DZ2: TOTAL VALUE(32) | EA2: DESCRIPTION(33) | EB2: Inner Pkgs(33) | EC2: TOTAL VALUE(33) | ED2: DESCRIPTION(34) | EE2: Inner Pkgs(34) | EF2: TOTAL VALUE(34) | EG2: DESCRIPTION(35) | EH2: Inner Pkgs(35) | EI2: TOTAL VALUE(35) | EJ2: DESCRIPTION(36) | EK2: Inner Pkgs(36) | EL2: TOTAL VALUE(36) | EM2: DESCRIPTION(37) | EN2: Inner Pkgs(37) | EO2: TOTAL VALUE(37) | EP2: DESCRIPTION(38) | EQ2: Inner Pkgs(38) | ER2: TOTAL VALUE(38) | ES2: DESCRIPTION(39) | ET2: Inner Pkgs(39) | EU2: TOTAL VALUE(39) | EV2: DESCRIPTION(40) | EW2: Inner Pkgs(40) | EX2: TOTAL VALUE(40) | EY2: DESCRIPTION(41) | EZ2: Inner Pkgs(41) | FA2: TOTAL VALUE(41) | FB2: DESCRIPTION(42) | FC2: Inner Pkgs(42) | FD2: TOTAL VALUE(42) | FE2: DESCRIPTION(43) | FF2: Inner Pkgs(43) | FG2: TOTAL VALUE(43) | FH2: DESCRIPTION(44) | FI2: Inner Pkgs(44) | FJ2: TOTAL VALUE(44) | FK2: DESCRIPTION(45) | FL2: Inner Pkgs(45) | FM2: TOTAL VALUE(45) | FN2: DESCRIPTION(46) | FO2: Inner Pkgs(46) | FP2: TOTAL VALUE(46) | FQ2: DESCRIPTION(47) | FR2: Inner Pkgs(47) | FS2: TOTAL VALUE(47) | FT2: DESCRIPTION(48) | FU2: Inner Pkgs(48) | FV2: TOTAL VALUE(48) | FW2: DESCRIPTION(49) | FX2: Inner Pkgs(49) | FY2: TOTAL VALUE(49) | FZ2: DESCRIPTION(50) | GA2: Inner Pkgs(50) | GB2: TOTAL VALUE(50)
A3: CJL001 | B3: LKB20260000 | D3: 62725239771 | G3: 2026-00-00 | J3: VTE | K3: ICN | M3: LK TRADING | N3: BAN SAPHANGTHONG NEUA, UNIT 09, SISATTANAK DISTRICT, VIENTIANE CAPITAL, LAO P.D.R | O3: 856 20 9112 6780 | T3: D | V3: 1 | W3: A | AE3: B
A4: CJL001 | B4: LKB20260000 | D4: 62725239771 | G4: 2026-00-00 | J4: VTE | K4: ICN | M4: LK TRADING | N4: BAN SAPHANGTHONG NEUA, UNIT 09, SISATTANAK DISTRICT, VIENTIANE CAPITAL, LAO P.D.R | O4: 856 20 9112 6780 | T4: E | V4: 2 | W4: D | X4: *사업자 번호 | AE4: B

Sheet 이름(Bxx-xx)
C1: Lao-Kor Air xxth 거래 명세서 | L1: 번호(No.) | M1: LKB2026xx-xx | R1: =D11 -> 1 | T1: 화폐 | U1: 기준 환율 | V1: 추가 환율 | W1: 적용 환율
A2: 회사명 | B2: 엘케이(LK)무역 | D2: 도착일 | E2: 2026-XX-XX | I2: 고객명/회사명 // 영수 번호 | L2: 이름 | R2: =IFERROR(N16,0) -> 0 | T2: USD-KIP | U2: ='Row data'!C3 -> 23000 | V2: 1000 | W2: =U2+V2 -> 24000
A3: 회사 주소 | B3: 비엔티엔시, 씨싿따낙구, 싸판텅 느아 09, 11번 골목, 엘케이(LK) 빌딩, 1층 LK Trading | T3: USD-THB | U3: ='Row data'!C4 -> 33 | V3: 1 | W3: =U3+V3 -> 34
A4: 전화번호 | B4: 020-9112-6780 | I4: 고객 연락처/회사 연락처 | L4: 전화번호 | T4: USD-WON | U4: ='Row data'!C5 -> 1515 | V4: 30 | W4: =U4+V4 -> 1545
A5: No. | B5: 종류 | C5: 단가 | D5: 수량 | E5: 실제중량(Kg) | F5: 실제중량 합산(kg) | G5: 규격 (cm) | J5: 용적 중량(kg) | K5: 용적중량 합산(Kg) | L5: 실제중량 운임 | M5: 용적중량 운임 | N5: 청구중량 운임
A6: 1 | B6: B01-01 | C6: =VLOOKUP(MAX(E6,J6),'Row data'!$C$8:$D$12,2,TRUE) -> 18 | D6: 1 | E6: =INDEX('Lao airline data'!$C$2:$F$21,MATCH($B6,'Lao airline data'!$B$2:$B$21,0),1) -> 0 | F6: =E6*D6 -> 0 | G6: =INDEX('Lao airline data'!$C$2:$F$21,MATCH($B6,'Lao airline data'!$B$2:$B$21,0),2) -> 0 | H6: =INDEX('Lao airline data'!$C$2:$F$21,MATCH($B6,'Lao airline data'!$B$2:$B$21,0),3) -> 0 | I6: =INDEX('Lao airline data'!$C$2:$F$21,MATCH($B6,'Lao airline data'!$B$2:$B$21,0),4) -> 0 | J6: =(G6*H6*I6)*0.00022 -> 0 | K6: =J6*D6 -> 0 | L6: =(IF(0=F6*C6,0,IF('Row data'!$D$8>=C6*F6,'Row data'!$D$8,C6*F6))) -> 0 | M6: =(IF(0=K6*C6,0,IF('Row data'!$D$8>=K6*C6,'Row data'!$D$8,K6*C6))) -> 0 | N6: =MAX(L6:M6) -> 0
A7: 2
A8: 3
A9: 4
A10: 5
A11: 합 계 | D11: =SUM(D6:D10) -> 1 | F11: =SUM(F6:F10) -> 0 | K11: =SUM(K6:K10) -> 0
A12: Remark/비 고 | F12: Inland delivery/시내.지방 배송 | L12: 운임 총합 | N12: =SUM(N6:N11) -> 0
L13: 할인 | M13: =IFERROR(MID($A$13,FIND(" "&$L$13&" ",$A$13)+4,3)," ") | N13: =IFERROR(N12*M13,0) -> 0
L14: 특별할인 | M14: =IFERROR(MID($A$13,FIND(" "&$L$14&" ",$A$13)+6,3)," ") | N14: =IFERROR(N12*M14,0) -> 0
L15: 세금 계산서(VAT) | M15: =IFERROR(IF(FIND("세금 계산서",$A$13),10%," ")," ") | N15: =IFERROR((N12-N13-N14)*M15,0) -> 0
L16: 최종 청구 금액 | M16: USD | N16: =(N12-N13-N14+N15) -> 0
M17: KIP | N17: =ROUNDUP((N16*$W$2),-3) -> 0
M18: THB | N18: =ROUNDUP((N16*$W$3),-1) -> 0
M19: WON | N19: =ROUNDUP((N16*$W$4),-2) -> 0
A21: * 모든 비용은 회사의 내규 및 각 물품의 중량/크기 실측을 기준으로 청구되며 최소 운임은 $18/kg 이며, 청구중량에 따라 차등 운임이 적용 됩니다.
A22: * 이용해 주셔서 감사합니다.
A24: 엘케이 (LK)무역 | K24: 고객사 서명

Sheet 이름(Bxx-xx) (2)
C1: Lao-Kor Air xxth 거래 명세서 | L1: 번호(No.) | M1: LKB2026xx-xx | R1: =D11 -> 1 | T1: 화폐 | U1: 기준 환율 | V1: 추가 환율 | W1: 적용 환율
A2: 회사명 | B2: 엘케이(LK)무역 | D2: 도착일 | E2: 2026-XX-XX | I2: 고객명/회사명 // 영수 번호 | L2: 이름 | R2: =IFERROR(N16,0) -> 0 | T2: USD-KIP | U2: ='Row data'!C3 -> 23000 | V2: 1000 | W2: =U2+V2 -> 24000
A3: 회사 주소 | B3: 비엔티엔시, 씨싿따낙구, 싸판텅 느아 09, 11번 골목, 엘케이(LK) 빌딩, 1층 LK Trading | T3: USD-THB | U3: ='Row data'!C4 -> 33 | V3: 1 | W3: =U3+V3 -> 34
A4: 전화번호 | B4: 020-9112-6780 | I4: 고객 연락처/회사 연락처 | L4: 전화번호 | T4: USD-WON | U4: ='Row data'!C5 -> 1515 | V4: 30 | W4: =U4+V4 -> 1545
A5: No. | B5: 종류 | C5: 단가 | D5: 수량 | E5: 실제중량(Kg) | F5: 실제중량 합산(kg) | G5: 규격 (cm) | J5: 용적 중량(kg) | K5: 용적중량 합산(Kg) | L5: 실제중량 운임 | M5: 용적중량 운임 | N5: 청구중량 운임
A6: 1 | B6: B01-01 | C6: =VLOOKUP(MAX(E6,J6),'Row data'!$C$8:$D$12,2,TRUE) -> 18 | D6: 1 | E6: =INDEX('Lao airline data'!$C$2:$F$21,MATCH($B6,'Lao airline data'!$B$2:$B$21,0),1) -> 0 | F6: =E6*D6 -> 0 | G6: =INDEX('Lao airline data'!$C$2:$F$21,MATCH($B6,'Lao airline data'!$B$2:$B$21,0),2) -> 0 | H6: =INDEX('Lao airline data'!$C$2:$F$21,MATCH($B6,'Lao airline data'!$B$2:$B$21,0),3) -> 0 | I6: =INDEX('Lao airline data'!$C$2:$F$21,MATCH($B6,'Lao airline data'!$B$2:$B$21,0),4) -> 0 | J6: =(G6*H6*I6)*0.00022 -> 0 | K6: =J6*D6 -> 0 | L6: =(IF(0=F6*C6,0,IF('Row data'!$D$8>=C6*F6,'Row data'!$D$8,C6*F6))) -> 0 | M6: =(IF(0=K6*C6,0,IF('Row data'!$D$8>=K6*C6,'Row data'!$D$8,K6*C6))) -> 0 | N6: =MAX(L6:M6) -> 0
A7: 2
A8: 3
A9: 4
A10: 5
A11: 합 계 | D11: =SUM(D6:D10) -> 1 | F11: =SUM(F6:F10) -> 0 | K11: =SUM(K6:K10) -> 0
A12: Remark/비 고 | F12: Inland delivery/시내.지방 배송 | L12: 운임 총합 | N12: =SUM(N6:N11) -> 0
L13: 할인 | M13: =IFERROR(MID($A$13,FIND(" "&$L$13&" ",$A$13)+4,3)," ") | N13: =IFERROR(N12*M13,0) -> 0
L14: 특별할인 | M14: =IFERROR(MID($A$13,FIND(" "&$L$14&" ",$A$13)+6,3)," ") | N14: =IFERROR(N12*M14,0) -> 0
L15: 세금 계산서(VAT) | M15: =IFERROR(IF(FIND("세금 계산서",$A$13),10%," ")," ") | N15: =IFERROR((N12-N13-N14)*M15,0) -> 0
L16: 최종 청구 금액 | M16: USD | N16: =(N12-N13-N14+N15) -> 0
M17: KIP | N17: =ROUNDUP((N16*$W$2),-3) -> 0
M18: THB | N18: =ROUNDUP((N16*$W$3),-1) -> 0
M19: WON | N19: =ROUNDUP((N16*$W$4),-2) -> 0
A21: * 모든 비용은 회사의 내규 및 각 물품의 중량/크기 실측을 기준으로 청구되며 최소 운임은 $18/kg 이며, 청구중량에 따라 차등 운임이 적용 됩니다.
A22: * 이용해 주셔서 감사합니다.
A24: 엘케이 (LK)무역 | K24: 고객사 서명
